Abaete,https://abaete-mg.vivver.com/login
Alfenas,https://www.alfenas-mg.vivver.com/login
APAE Mantena,https://www.mantena-mg-apae.vivver.com/login
Berizal,https://www.berizal-mg.vivver.com/login
Bocaiuva,https://www.bocaiuva-mg.vivver.com/login
Brasilia de Minas,https://brasiliademinas-mg.vivver.com/login
Camanducaia,https://www.camanducaia-mg.vivver.com/login
Cambui,https://www.cambui-mg.vivver.com/login
Campanha,https://www.campanha-mg.vivver.com/login
Campo Belo,https://www.campobelo-mg.vivver.com/login
Cantagalo,https://cantagalo-mg.vivver.com/login
Capitao Eneas,https://www.capitaoeneas-mg.vivver.com/login
Carmodo do Cajuru,https://www.carmodocajuru-mg.vivver.com/login
Carmodo do Paranaiba,https://www.carmodoparanaiba-mg.vivver.com/login
Casia,https://www.cassia-mg.vivver.com/login
Cataguases,https://www.cataguases-mg.vivver.com/login
Cisleste,https://www.cisleste-mg.vmx.io/login
Cismef,https://www.cismesf-mg.vivver.com/login
Cismiv,https://www.cismiv-mg.vivver.com/login
Claraval,https://www.claraval-mg.vivver.com/login
Conceicao do Mato Dentro,https://www.conceicaodomatodentro-mg.vivver.com/login
Conego Marinho,https://www.conegomarinho-mg.vivver.com/login
Contagem,https://www.contagem-mg.vivver.com/login
Coracao de Jesus,https://www.coracaodejesus-mg.vivver.com/login
Crucilandia,https://crucilandia-mg.vivver.com/login
Diamantina,https://www.diamantina-mg.vivver.com/login
Fama,https://www.fama-mg.vivver.com/login
Ferros,https://www.ferros-mg.vivver.com/login
Florestal,https://florestal-mg.vivver.com/login
Francisco Sa,https://www.franciscosa-mg.vivver.com/login
Frutade Leite,https://www.frutadeleite-mg.vivver.com/login
Governador Valadares,https://www.governadorvaladares-mg.vivver.com/login
Guape,https://www.guape-mg.vivver.com/login
Icarai de Minas,https://www.icaraideminas-mg.vivver.com/login
Igaratinga,https://www.igaratinga-mg.vivver.com/login
Itacarambi,https://www.itacarambi-mg.vivver.com/login
Itambacuri,https://www.itambacuri-mg.vivver.com/login
Itamonte,https://www.itamonte-mg.vivver.com/login
Itau de Minas,https://www.itaudeminas-mg.vivver.com/login
Itauna,https://www.itauna-mg.vivver.com/login
Ituiutaba,https://www.ituiutaba-mg.vivver.com/login
Jaboticabal,https://www.jaboticabal-sp.vivver.com/login
Jacutinga,https://www.jacutinga-mg.vivver.com/login
Januaria,https://www.januaria-mg.vivver.com/login
Japonvar,https://www.japonvar-mg.vivver.com/login
Jeceaba,https://www.jeceaba-mg.vivver.com/login
Joao Pinehiro,https://www.joaopinheiro-mg.vivver.com/login
Josenopolis,https://www.josenopolis-mg.vivver.com/login
Lagoada Prata,https://www.lagoadaprata-mg.vivver.com/login
Lassance,https://lassance-mg.vivver.com/login
Leopoldina,https://www.leopoldina-mg.vivver.com/login
Leme,https://www.leme-sp.vivver.com/login
Levy Gasparian,https://www.levygasparian-rj.vivver.com/login
Lima Duarte,https://www.limaduarte-mg.vivver.com/login
Luz,https://www.luz-mg.vivver.com/login
Machado,https://machado-mg.vivver.com/login
Mantena,https://www.mantena-mg.vivver.com/login
Maravilhas,https://www.maravilhas-mg.vivver.com/login
Matozinhos,https://www.matozinhos-mg.vivver.com/login
Monte Santo de Minas,https://www.montesantodeminas-mg.vivver.com/login
Monte Siao,https://www.montesiao-mg.vivver.com/login
Montes Claros,https://www.montesclaros-mg.vivver.com/login
Munhoz,https://www.munhoz-mg.vivver.com/login
Mutum,https://www.mutum-mg.vivver.com/login
Nepomuceno,https://www.nepomuceno-mg.vivver.com/login
Nova Lima,https://www.novalima-mg.vivver.com/login
Nova Porti,https://novaporteirinha-mg.vivver.com/login
Novo Cruzeiro,https://www.novocruzeiro-mg.vivver.com/login
Orizania,https://www.orizania-mg.vivver.com/login
Ouro Branco,https://www.ourobranco-mg.vivver.com/login
Paracatu,https://www.paracatu-mg.vivver.com/login
Paraguacu,https://www.paraguacu-mg.vivver.com/login
Passos,https://www.passos-mg.vivver.com/login
Patis,https://www.patis-mg.vivver.com/login
Patos de Minas,https://www.patosdeminas-mg.vivver.com/login
Pecanha,https://www.pecanha-mg.vivver.com/login
Pirapora,https://pirapora-mg.vivver.com/login
Pitangueiras,https://www.pitangueiras-sp.vivver.com/login
Piumhi,https://www.piumhi-mg.vivver.com/login
Poco Fundo,https://www.pocofundo-mg.vivver.com/login
Pompeu,https://www.pompeu-mg.vivver.com/login
Ponto dos Volantes,https://www.pontodosvolantes-mg.vivver.com/login
Pouso Alegre,https://www.pousoalegre-mg.vivver.com/login
Rio Doce,https://www.riodoce-mg.vivver.com/login
Rio Pardo de Minas,https://www.riopardodeminas-mg.vivver.com/login
Santa Barbara,https://www.santabarbara-mg.vivver.com/login
Santa Cruzdo Escalvado,https://santacruzdoescalvado-mg.vmx.io/login
Santa Margarida,https://www.santamargarida-mg.vivver.com/login
Santo Antonio do Monte,https://www.santoantoniodomonte-mg.vivver.com/login
Salinas,https://www.salinas-mg.vivver.com/login
Sao Joao do Paraiso,https://www.saojoaodoparaiso-mg.vivver.com/login
Sao Joao Nepomuceno,https://www.saojoaonepomuceno-mg.vivver.com/login
Sao Lourenco,https://saolourenco-mg.vivver.com/login
Sao Romao,https://saoromao-mg.vivver.com/login
Sao Sebastiao do Oeste,https://www.saosebastiaodooeste-mg.vivver.com/login
Sao Sebastiao do Paraiso,https://www.saosebastiaodoparaiso-mg.vivver.com/login
Sarzedo,https://www.sarzedo-mg.vivver.com/login
Serrania,https://www.serrania-mg.vivver.com/login
Sete Lagoas,https://www.setelagoas-mg.vmx.io/login
Simaoo Pereira,https://simaopereira-mg.vivver.com/login
Sorocaba,https://sisweb.sorocaba.sp.gov.br/login
Taiobeiras,https://www.taiobeiras-mg.vivver.com/login
Ubai,https://www.ubai-mg.vivver.com/login
Urucrania,https://www.urucania-mg.vivver.com/login
Varzea da Palma,https://www.varzeadapalma-mg.vivver.com/login
