Alfenas,https://www.alfenas-mg.vivver.com/login
Mantena,https://www.mantena-mg-apae.vivver.com/login
Berizal,https://www.berizal-mg.vivver.com/login
Bocaiuva,https://www.bocaiuva-mg.vivver.com/login
BrasilandiadeMinas,https://brasiliademinas-mg.vivver.com/login
Camanducaia,https://www.camanducaia-mg.vivver.com/login
Cambui,https://www.cambui-mg.vivver.com/login
Campanha,https://www.campanha-mg.vivver.com/login
CampoBelo,https://www.campobelo-mg.vivver.com/login
Cantagalo,https://cantagalo-mg.vivver.com/login
CapitãoEnéas,https://www.capitaoeneas-mg.vivver.com/log
CarmodoCajuru,https://www.carmodocajuru-mg.vivver.com/login
CarmodoParanaíba,https://www.carmodoparanaiba-mg.vivver.com/logi
Cássia,https://www.cassia-mg.vivver.com/logi
Cataguases,https://www.cataguases-mg.vivver.com/login
Cisleste,https://www.cisleste-mg.vmx.io/login
Cismef,https://www.cismesf-mg.vivver.com/login
Cismiv,https://www.cismiv-mg.vivver.com/login
Claraval,https://www.claraval-mg.vivver.com/login
ConceiçãodoMatoDentro,https://www.conceicaodomatodentro-mg.vivver.com/log
CônegoMarinho,https://www.conegomarinho-mg.vivver.com/logi
Contagem,https://www.contagem-mg.vivver.com/login
CoraçãodeJesus,https://www.coracaodejesus-mg.vivver.com/log
Crucilândia_MG,https://crucilandia-mg.vivver.com/logi
Diamantina,https://www.diamantina-mg.vivver.com/login
Fama,https://www.fama-mg.vivver.com/login
Ferros,https://www.ferros-mg.vivver.com/login
Florestla,https://florestal-mg.vivver.com/login
FranciscoSá,https://www.franciscosa-mg.vivver.com/logi
FrutadeLeite,https://www.frutadeleite-mg.vivver.com/login
GovernadorValadares,https://www.governadorvaladares-mg.vivver.com/login
Guapé,https://www.guape-mg.vivver.com/logi
IcaraídeMinas,https://www.icaraideminas-mg.vivver.com/logi
Igaratinga,https://www.igaratinga-mg.vivver.com/login
Itacarambi,https://www.itacarambi-mg.vivver.com/login
Itambacuri,https://www.itambacuri-mg.vivver.com/login
Itamonte,https://www.itamonte-mg.vivver.com/login
ItaúdeMinas,https://www.itaudeminas-mg.vivver.com/logi
Itaúna,https://www.itauna-mg.vivver.com/logi
Ituiutaba,https://www.ituiutaba-mg.vivver.com/login
Jaboticabal,https://www.jaboticabal-sp.vivver.com/login
Jacutinga,https://www.jacutinga-mg.vivver.com/login
Januária,https://www.januaria-mg.vivver.com/logi
Japonvar,https://www.japonvar-mg.vivver.com/login
Jeceaba,https://www.jeceaba-mg.vivver.com/login
JoãoPinehiro,https://www.joaopinheiro-mg.vivver.com/logi
Josenopolis,https://www.josenopolis-mg.vivver.com/login
LagoadaPrata,https://www.lagoadaprata-mg.vivver.com/login
Lassance,https://lassance-mg.vivver.com/login
Leopoldina,https://www.leopoldina-mg.vivver.com/login
Leme,https://www.leme-sp.vivver.com/login
LevyGasparian,https://www.levygasparian-rj.vivver.com/login
LimaDuarte,https://www.limaduarte-mg.vivver.com/login
Luz,https://www.luz-mg.vivver.com/login
Machado,https://machado-mg.vivver.com/login
Mantena,https://www.mantena-mg.vivver.com/login
Maravilhas,https://www.maravilhas-mg.vivver.com/login
Matozinhos,https://www.matozinhos-mg.vivver.com/login
MonteSantodeMinas,https://www.montesantodeminas-mg.vivver.com/login
MonteSião,https://www.montesiao-mg.vivver.com/logi
MontesClaros,https://www.montesclaros-mg.vivver.com/login
Munhoz,https://www.munhoz-mg.vivver.com/login
Mutum,https://www.mutum-mg.vivver.com/login
Nepomuceno,https://www.nepomuceno-mg.vivver.com/login
NovaLima,https://www.novalima-mg.vivver.com/login
NovoCruzeiro,https://www.novocruzeiro-mg.vivver.com/login
Orizânia,https://www.orizania-mg.vivver.com/logi
OuroBranco,https://www.ourobranco-mg.vivver.com/login
Paracatu,https://www.paracatu-mg.vivver.com/login
Paraguaçu,https://www.paraguacu-mg.vivver.com/logi
Passos,https://www.passos-mg.vivver.com/login
Patis,https://www.patis-mg.vivver.com/login
PatosdeMinas,https://www.patosdeminas-mg.vivver.com/login
Peçanha,https://www.pecanha-mg.vivver.com/logi
Pirapora,https://pirapora-mg.vivver.com/login
Pitangueiras,https://www.pitangueiras-sp.vivver.com/login
Piumhi,https://www.piumhi-mg.vivver.com/login
Poçofundo,https://www.pocofundo-mg.vivver.com/logi
Pompéu,https://www.pompeu-mg.vivver.com/logi
PontodosVolantes,https://www.pontodosvolantes-mg.vivver.com/login
PousoAlegre,https://www.pousoalegre-mg.vivver.com/login
RioDoce,https://www.riodoce-mg.vivver.com/login
RioPardodeMinas,https://www.riopardodeminas-mg.vivver.com/login
Santabárbara,https://www.santabarbara-mg.vivver.com/logi
SantaCruzdoEscalvado,https://santacruzdoescalvado-mg.vmx.io/login
SantaMargarida,https://www.santamargarida-mg.vivver.com/login
SantoAntôniodoMonte,https://www.santoantoniodomonte-mg.vivver.com/logi
SãoJoãodoParaíso,https://www.saojoaodoparaiso-mg.vivver.com/lo
SãoJoãoNepomuceno,https://www.saojoaonepomuceno-mg.vivver.com/log
SãoLourenço,https://saolourenco-mg.vivver.com/log
SãoRomão,https://saoromao-mg.vivver.com/log
SãoSebastiãodoOeste,https://www.saosebastiaodooeste-mg.vivver.com/log
SãoSebastiãodoParaíso,https://www.saosebastiaodoparaiso-mg.vivver.com/lo
Sarzedo,https://www.sarzedo-mg.vivver.com/login
Serrania,https://www.serrania-mg.vivver.com/login
SeteLagoas,https://www.setelagoas-mg.vmx.io/login
SimãoPereira,https://simaopereira-mg.vivver.com/logi
Sorocaba,https://sisweb.sorocaba.sp.gov.br/login
Taiobeiras,https://www.taiobeiras-mg.vivver.com/login
Ubaí,https://www.ubai-mg.vivver.com/logi
Urucrânia,https://www.urucania-mg.vivver.com/logi
VárzeadaPalma,https://www.varzeadapalma-mg.vivver.com/logi
